URL,Title,Price,Shipping,Dynamic Attribute 1,Dynamic Attribute 2,Dynamic Attribute 3
https://www.ebay.com/itm/Baby-Kids-Play-Mat-Foam-Floor-Child-Activity-Soft-Toy-Gym-Crawl-Creeping/223429367843?hash=item34056d9823:g:MsEAAOSwrblb1qYe,Baby Kids Play Mat Foam Floor Child Activity Soft Toy Gym Crawl Creeping ,$16.08,Free,Brand: Unbranded,Color: Multicolor,N/A
https://www.ebay.com/itm/Baby-Kids-Toddler-Activity-Crawl-Creeping-Multipurpose-Foam-Carpet-Rug-Play-Mat/201871418163?hash=item2f00796333:m:mW5PX0ay5PkPgMAfyzDcflg&var=502198309012,Baby Kids Toddler Activity Crawl Creeping Multipurpose Foam Carpet Rug Play Mat,$18.99,Free,Color: Multicolor,N/A,N/A
https://www.ebay.com/itm/Pehr-Play-Mat-Life-Aquatic-Tummy-Time/133225676031?hash=item1f04de7cff:g:ovgAAOSwwN1dvIv2,Pehr Play Mat Life Aquatic Tummy Time,$28.00,$7.00,N/A,N/A,N/A
https://www.ebay.com/c/1561075915,EDUCATIONAL RUG KIDS CHILDREN SCHOOL CLASSROOM BEDROOM NON SKID GEL RUG (30 new),$29.99 to $119.99,Free,Color: Multicolor,Material: Nylon,N/A
https://www.ebay.com/itm/Soft-Cotton-Baby-Kids-Play-Mat-Floor-Rug-Game-Gym-Activity-Crawling-Blanket/153189499933?hash=item23aace441d:m:m0xgcK-ayl0GRoOdL71VaUA&var=453045916677,Soft Cotton Baby Kids Play Mat Floor Rug Game Gym Activity Crawling Blanket,$12.96 to $18.50,Free,Brand: Unbranded,Color: White,N/A
https://www.ebay.com/itm/Skip-Hop-Farmstand-Grow-Play-Activity-Gym-Skip-Hop-Free-Shipping/143370417590?hash=item21618af5b6:g:03UAAOSwX6NdawPr,Skip Hop Farmstand Grow & Play Activity Gym Skip Hop Free Shipping!,$0.99,$27.80,N/A,N/A,N/A
https://www.ebay.com/c/1401670211,"Bowron Babycare Shorn Luxuriously Soft Lambskin Baby Rug,  New in Package $89",$34.99,Free,Brand: Bowron,Gender: Unisex,N/A
https://www.ebay.com/itm/Pottery-Barn-Kids-Gray-Elephant-Plush-Play-Mat-EUC/113919724284?hash=item1a86250afc:g:5g8AAOSwr3Bdn2BZ,Pottery Barn Kids Gray Elephant Plush Play Mat EUC,$14.99,$10.50,Brand: Pottery Barn,Color: Gray,N/A
https://www.ebay.com/itm/Bowron-babycare-soft-natural-lambskin-comforter-new/173544287520?hash=item28680bad20:g:brAAAOSwI-tbonnj,Bowron babycare soft natural lambskin comforter- new,$25.00,$15.00,Brand: Unbranded,N/A,N/A
https://www.ebay.com/p/12024225926?iid=143353343583&rt=nc,Kellytoy Baby Mat Cute Lamb Rug,$22.99,$8.50,Brand: Kellytoy,N/A,N/A
https://www.ebay.com/itm/Pottery-Barn-Kids-Lamb-Plush-Play-Mat-K-Monogram/362703168385?hash=item5472cb2381:g:znYAAOSwZWNdL-mD,Pottery Barn Kids Lamb Plush Play Mat “K” Monogram,$16.09,$9.45,Brand: Pottery Barn,Material: Polyester,N/A
https://www.ebay.com/p/26018190992?iid=254368721378&rt=nc,"SKIP HOP DOUBLEPLAY REVERSIBLE PLAYMAT 86""x 52"" VIBRANT VILLAGE Baby Mat",$44.00,$22.60,Color: Gray,Material: Foam,N/A
https://www.ebay.com/itm/Ikea-Storabo-Play-Mat-Area-Rug-Kids-Childrens-Room-New/362610878099?hash=item546d4ae693:g:UKAAAOSwz71ZObtR,Ikea Storabo Play Mat Area Rug Kids Childrens Room New,$24.99,Free,Brand: IKEA,N/A,N/A
https://www.ebay.com/p/28011148999?iid=254035658918&rt=nc,Verdes Alphabet Foam Floor Puzzle 3+,$30.00,$12.00,Material: Foam,Gender: Unisex,N/A
https://www.ebay.com/itm/Baby-Kids-Play-Mat-Foam-Floor-Child-Activity-Soft-Toy-Gym-Crawl-Creeping-US/293133482315?hash=item44401df94b:g:QIsAAOSwjzldpsnK,Baby Kids Play Mat Foam Floor Child Activity Soft Toy Gym Crawl Creeping  US,$15.95,Free,Brand: Unbranded,Color: Multicolor,N/A
https://www.ebay.com/itm/Crochet-Elephant-Rug/123082546750?hash=item1ca84a9e3e:g:pIEAAOSwbE9a1TSS,Crochet Elephant Rug,$45.00,$10.40,N/A,N/A,N/A
https://www.ebay.com/itm/Peter-Rabbit-Vintage-area-Rug-Throw-Rug-Baby-Room-Storybook/323950289237?hash=item4b6cf12155:g:~nwAAOSwwppdqBOt,Peter Rabbit Vintage area Rug Throw Rug Baby Room Storybook,$22.99,$8.30,N/A,N/A,N/A
https://www.ebay.com/itm/Soft-Baby-Kids-Round-Cotton-Floor-Rug-Game-Gym-Play-Crawling-Bedroom-Mat-Blanket/202785971632?hash=item2f36fc5db0:m:mYg9qhCyLf_q228vGIZSOrA&var=502935872934,Soft Baby Kids Round Cotton Floor Rug Game Gym Play Crawling Bedroom Mat Blanket,$17.76,Free,Brand: Unbranded,Color: Gray,N/A
https://www.ebay.com/itm/Cotton-Kids-Bedroom-Rug-Carpes-Mat-Nursery-Playroom-Children-Rug-Home-Gift-US/293269649600?hash=item44483bb8c0:m:mu7tbJLJj7ry_0C1xfU9bWQ&var=592131111521,Cotton Kids Bedroom Rug Carpes Mat Nursery Playroom Children Rug Home Gift US,$11.69,Free,Brand: Unbranded,Color: Multicolor,N/A
https://www.ebay.com/itm/Lambs-Ivy-Safari-Jungle-Cocoa-Rug-Nursery-Monkey-Giraffe-Lion-40x30/223448254405?hash=item34068dc7c5:g:2KkAAOSw8xxcis-v,Lambs & Ivy Safari Jungle Cocoa Rug Nursery Monkey Giraffe Lion 40x30,$14.99,$10.50,Brand: Lambs & Ivy,Theme: Safari,Color: Multicolor
https://www.ebay.com/itm/Soft-Cotton-Baby-Kids-Play-Mat-Floor-Rug-Game-Gym-Activity-Crawling-Blanket-US/293229414814?hash=item4445d5c99e:m:mXS_yWb4dJX4efCEb7Y7KRQ&var=592094120599,Soft Cotton Baby Kids Play Mat Floor Rug Game Gym Activity Crawling Blanket US,$14.71,Free,Brand: Unbranded,Color: White,N/A
https://www.ebay.com/itm/Baby-Children-Toddler-Game-Gym-Activity-Play-Mat-Crawling-Blanket-Leaf-Floor-Rug/273601152574?hash=item3fb3e6463e:m:mgpIE3Q3mlVAoCGaoNOi7dw&var=573019811984,Baby Children Toddler Game Gym Activity Play Mat Crawling Blanket Leaf Floor Rug,$13.79 to $15.54,Free,Brand: Unbranded,Color: Green,Material: 100% Cotton
https://www.ebay.com/itm/Pottery-Barn-Kids-Bunny-Soft-Plush-Play-Mat-Easter-Tummy-Time-Play-New-With-Tags/382879904502?hash=item59256bb2f6:g:sEEAAOSw3SpcpEXN,Pottery Barn Kids Bunny Soft Plush Play Mat Easter Tummy Time Play New With Tags,$14.99,$19.05,Brand: Pottery Barn,N/A,N/A
https://www.ebay.com/p/2178030516?iid=312605336077&rt=nc,36Sq Ft Alphabet and Number Floor Mat Foam Puzzle Play Kids Educational Soft New,$41.12,Free,Material: Foam,N/A,N/A
https://www.ebay.com/itm/CARTERS-Tree-Top-Forest-Friends-Woodland-Nursery-FLOOR-RUG-40-x30-PreOwned/293137667755?hash=item44405dd6ab:g:nAQAAOSw7QVdD6Yw,"CARTER'S Tree Top Forest Friends Woodland Nursery FLOOR RUG 40""x30"" - PreOwned",$17.00,$9.91,Brand: Carter's,N/A,N/A
https://www.ebay.com/itm/Skip-Hop-Farmstand-Grow-Play-Activity-Gym-Skip-Hop-Free-Shipping/323914698814?hash=item4b6ad2103e:g:GbQAAOSwRLVde~Ex,Skip Hop Farmstand Grow & Play Activity Gym Skip Hop Free Shipping!,$80.00,Free,N/A,N/A,N/A
https://www.ebay.com/itm/Foldable-Baby-Play-Mat-60-Inch-Round-Toy-Storage-Bag-Kids-Crawling-Blanket/273101850358?hash=item3f962386f6:m:mLL_OWNHSnza2UCm7W6SJZw&var=572363637888,"Foldable Baby Play Mat, 60 Inch Round Toy Storage Bag Kids Crawling Blanket",$18.01 to $19.18,Free,Brand: Unbranded,N/A,N/A
https://www.ebay.com/itm/LARGE-32cm-Alphabet-Numbers-EVA-Floor-Mat-Baby-Rooms-Kids-Protection-36pcs-UK/202335103356?hash=item2f1c1ca97c:m:m31UJQMfLSi1Y3wf9n2A5Hg&var=502312290383,LARGE 32cm Alphabet Numbers EVA Floor Mat Baby Rooms Kids Protection 36pcs UK,$16.72 to $21.87,$20.07,Material: Foam,Gender: Unisex,N/A
https://www.ebay.com/itm/Inflatable-Baby-Water-Mat-Novelty-Play-for-Kids-Children-Infants-Best-Tummy-Time/163676558880?hash=item261be21620:m:m8AV1_3O_gIxBOoqV3k2gGw&var=463145416590,Inflatable Baby Water Mat Novelty Play for Kids Children Infants Best Tummy Time,$7.64 to $9.62,Free,Brand: Unbranded,Theme: Novelty,N/A
https://www.ebay.com/itm/Baby-Kid-Teen-Floor-Rug-for-Sweet-Jojo-Pink-Black-Funky-Zebra-Girl-Bedding-Set/202535208243?hash=item2f280a0533:g:uvUAAOSwGsJbtlGi,Baby Kid Teen Floor Rug for Sweet Jojo Pink & Black Funky Zebra Girl Bedding Set,$21.99,Free,Brand: Sweet JoJo Designs,Color: Pink,Gender: Girls
https://www.ebay.com/itm/Sweet-Jojo-Grey-White-Accent-Floor-Rug-Bath-Mat-for-Watercolor-Elephant-Safari/401755691588?hash=item5d8a815a44:g:g98AAOSwuTRcwaxs,Sweet Jojo Grey White Accent Floor Rug Bath Mat for Watercolor Elephant Safari,$49.99,Free,Brand: Sweet JoJo Designs,Theme: Safari,Color: Gray
https://www.ebay.com/itm/2-Side-XPE-Foldable-Baby-Floor-Play-Mat-Crawl-Creeping-Alphabet-Animal-US/264480205892?hash=item3d943fac44:m:mrXIcUpw5Gtk9oZqaqSmrhA&var=564169255434,2-Side XPE Foldable Baby Floor Play Mat Crawl Creeping Alphabet Animal  US,$24.27,Free,Brand: Unbranded,Gender: Unisex,N/A
https://www.ebay.com/itm/Inflatable-Baby-Water-Mats-Novelty-Play-for-Kid-Children-Infants-Best-Tummy-Time/323797467157?hash=item4b63d54015:m:m8AV1_3O_gIxBOoqV3k2gGw&var=512793933356,Inflatable Baby Water Mats Novelty Play for Kid Children Infants Best Tummy Time,$10.56,Free,Brand: Unbranded,Theme: Novelty,N/A
https://www.ebay.com/itm/Sass-and-Belle-Rug-Childrens-Bedroom-Nursery-Sloth-Swan-Star-Cloud/401792217957?hash=item5d8caeb365:m:mpOlfvzjRlCv6F70E7olwUw&var=671597238573,Sass and Belle Rug Childrens Bedroom Nursery Sloth Swan Star Cloud,$15.38 to $19.25,$19.97,N/A,N/A,N/A
https://www.ebay.com/itm/2-Sided-Soft-Foam-Educational-Kids-Crawling-Toy-Game-Picnic-Play-Mat-200X180CM/113235338636?hash=item1a5d5a258c:g:9skAAOSwEVpbkQyp,2 Sided Soft Foam Educational Kids Crawling Toy Game Picnic Play Mat | 200X180CM,$10.90,$19.90,Material: Foam,N/A,N/A
https://www.ebay.com/itm/2-Side-XPE-Foldable-Baby-Floor-Play-Mat-Crawl-Creeping-Alphabet-Animal-US/264379684831?hash=item3d8e41d7df:m:mrXIcUpw5Gtk9oZqaqSmrhA&var=563992673348,2-Side XPE Foldable Baby Floor Play Mat Crawl Creeping Alphabet Animal  US,$25.55,Free,Brand: Unbranded,Gender: Unisex,N/A
https://www.ebay.com/itm/200-180cm-Cartoon-Baby-Play-Mat-Foldable-XPE-Puzzle-Childrens-Mat-Baby-Climbing/303221047983?hash=item46996202af:m:mwTOqlgEchVPy855KYYJ1bw&var=602201078802,200*180cm Cartoon Baby Play Mat Foldable XPE Puzzle Children's Mat Baby Climbing,$50.58 to $52.78,Free,Brand: Unbranded,Material: Foam,Gender: Unisex
https://www.ebay.com/itm/Baby-Tummy-Time-Round-Mat-Activity-Storage-Kid-Play-Rug-Carpet-With-Drawstring/113754436642?hash=item1a7c4af422:g:W2wAAOSwuIRc4P0V,Baby Tummy Time Round Mat Activity Storage Kid Play Rug Carpet With Drawstring,$37.67,$12.98,Material: Polyester,N/A,N/A
https://www.ebay.com/itm/Childrens-Play-Rugs-Activity-City-Roads-Track-Learning-Rug-Mat/273930889186?hash=item3fc78da7e2:m:mAG66ZH6c5_7DS8iX9EtGbQ&var=573827564313,Childrens Play Rugs Activity City Roads Track Learning Rug Mat,$34.21 to $64.35,$95.89,Brand: Unbranded,N/A,N/A
https://www.ebay.com/itm/Kids-Play-Mat-City-Roads-Track-100cm-x-150cm-Town-Childrens-Floor-New-Activity/182589370878?hash=item2a832cb1fe:g:r5cAAOSwi~FdlllB,Kids Play Mat City Roads Track 100cm x 150cm Town Childrens Floor New Activity,$23.97,$67.05,Material: Nylon,Gender: Boys,N/A
https://www.ebay.com/itm/Removable-Wall-Stickers-Kids-Children-Room-Decoration-Wallpaper-Cartoon-Car-Stic/223395913516?hash=item34036f1f2c:g:8jsAAOSwaeVcaBAb,Removable Wall Stickers Kids Children Room Decoration Wallpaper Cartoon Car Stic,$10.27,$2.05,Brand: Unbranded,N/A,N/A
https://www.ebay.com/itm/Owls-baby-play-mat-Round-baby-play-mat-baby-rug/202613563036?hash=item2f2cb59e9c:g:DboAAOSwP79ce6iq,"Owls baby play mat, Round baby play mat, baby rug",$26.00,$10.00,Brand: Handmade,Material: 100% Cotton,Gender: Unisex
https://www.ebay.com/p/8009477565?iid=352426302980&rt=nc,LA Rug Fun Rugs FT-103 1929 Driving Time Kids Rug Fun Rugs,$23.19,Free,Brand: Fun Rugs,Theme: Novelty,Material: Nylon
https://www.ebay.com/itm/KM-36-Pcs-Child-Kids-Novelty-Alphabet-Number-EVA-Puzzle-Foam-Teaching-Mats-T/133158389185?hash=item1f00dbc5c1:g:un8AAOSwShtcuZzi,KM_ 36 Pcs Child Kids Novelty Alphabet Number EVA Puzzle Foam Teaching Mats T,$1.25,Free,Theme: Novelty,Material: Foam,Gender: Unisex
https://www.ebay.com/itm/Baby-Kids-Play-Mat-Foam-Floor-Child-Activity-Soft-Crawl-Gym-Creeping-Blanket-Toy/264422889366?hash=item3d90d51796:g:zz8AAOSw-0ddSobu,Baby Kids Play Mat Foam Floor Child Activity Soft Crawl Gym Creeping Blanket Toy,$10.45,Free,Brand: Unbranded,Color: Multicolor,N/A
https://www.ebay.com/itm/2-1-8m-Infant-Foldable-Cartoon-Baby-Play-Mat-Babe-Carpet-Children-Crawling-Pad/333276279185?hash=item4d98d07191:m:mlNNR69d-j24BW1lfHimuuA&var=542292331305,2*1.8m Infant Foldable Cartoon Baby Play Mat Babe Carpet Children Crawling Pad,$35.94,$11.35,Brand: Unbranded,Gender: Unisex,N/A
https://www.ebay.com/itm/Genuine-medical-armrest-cover-pad-office-chair-wheelchair/112583694630?hash=item1a3682d926:m:mJkkyFL38n9NmKmiFFJ3aRQ&var=412992352547,Genuine medical armrest cover pad office chair wheelchair,$36.03,$8.36,N/A,N/A,N/A
https://www.ebay.com/itm/Baby-Tummy-Time-Round-Mat-Activity-Storage-Kid-Gym-Play-Rug-Carpet-Lion-King-Rug/113754385853?hash=item1a7c4a2dbd:g:yZoAAOSw-oNc4OH5,Baby Tummy Time Round Mat Activity Storage Kid Gym Play Rug Carpet Lion King Rug,$41.09,$15.03,Material: Polyester,Gender: Girls,N/A
https://www.ebay.com/itm/Kids-Children-Girls-Boys-100-Cotton-Floor-Bedroom-Rug-Mat-by-Jiggle-Giggle/282065821230?hash=item41ac6ede2e:m:mCrqYeloc5CQKY_GpkE5xLg&var=581012542475,Kids Children Girls Boys 100% Cotton Floor Bedroom Rug Mat by Jiggle & Giggle,$30.79,$30.62,N/A,N/A,N/A
https://www.ebay.com/itm/CoCalo-Baby-floral-nursery-rug-or-bath-mat-pink-purple-lime-green-27-x-38/401740105326?hash=item5d8993866e:g:IfkAAOSwAopcUQgI,"CoCalo Baby floral nursery rug or bath mat pink purple lime green 27"" x 38""",$13.99,$44.77,Brand: CoCaLo,Color: Pink,Material: 100% Cotton
https://www.ebay.com/itm/sheepskin-pushchair-liner-Medical-Pram-Car-Seat-Natural/111921587767?hash=item1a0f0be637:m:mkbk53q2pwOkkj2hmMe9tEQ&var=410875095465,sheepskin pushchair liner Medical  Pram Car Seat  Natural,$37.33 to $39.91,$15.44,N/A,N/A,N/A
https://www.ebay.com/itm/9-x-9-Square-Area-Rug-Tibetan-Wool-Handknotted-Solid-Light-Red-Coral-Nontoxic/303274376592?hash=item469c8fbd90:g:zDEAAOSwZepdcAZ-,"9' x 9' Square Area Rug Tibetan Wool Handknotted, Solid Light Red Coral Nontoxic",$595.00,Free,Color: Red,Material: 100% Wool,N/A
https://www.ebay.com/p/691338242?iid=382581234145&rt=nc,Boy Baby Kids Floor Rug for Sweet Jojo Designs Nautical Sail Boat Bedding Sets,$21.99,Free,Brand: Sweet JoJo Designs,Theme: Nautical,Material: 100% Cotton
https://www.ebay.com/c/16022354704,Kids Play Mat City SUBURBS Track 94cm x 133cm Town Childrens Floor New Activity,$19.86,$61.16,Material: Nylon,Gender: Boys,N/A
https://www.ebay.com/p/1057143248?iid=152245398861&rt=nc,LAMBSKIN for Buggy Pushchair Pram Carseat Liner Mat 100% Natural -Eco-Friendly,$47.60,$16.75,Gender: Unisex,N/A,N/A
https://www.ebay.com/p/22032189651?iid=163719375712&rt=nc,MINNIE MOUSE FOAM PLAY MAT KIDS NEW,$18.99,Free,Brand: Disney,Color: Pink,Material: Foam
https://www.ebay.com/c/605712882,Baby Girl Kids Floor Gold Polka Dot Rug For Sweet Jojo Designs Amelia Bedding,$49.99,Free,Brand: Sweet JoJo Designs,Color: Gold,Gender: Girls
https://www.ebay.com/itm/Baby-Kid-Floor-Rug-For-Sweet-Jojo-Designs-Navy-Blue-Woodland-Deer-Bedding-Sets/401611453821?hash=item5d81e8757d:g:7~4AAOSwy-5btlRW,Baby Kid Floor Rug For Sweet Jojo Designs Navy Blue Woodland Deer Bedding Sets,$49.99,Free,Brand: Sweet JoJo Designs,Color: Blue,N/A
https://www.ebay.com/c/17015685075,"Bohemian Corbett Distressed Runner Rug Durable Synthetic Fibers 2 6"" X 8 Multi",$55.62,Free,Brand: nuLOOM,N/A,N/A
https://www.ebay.com/p/4007106367?iid=282692419423&rt=nc,Blue Baby Floor Cot Bed Lambskin Sheepskin Rug Infant Wool Blanket +Woolwash,$66.44,$22.40,Material: 100% Wool,N/A,N/A
https://www.ebay.com/itm/12x12-Carpet-Tile-Floor-Mat-Squares-Peel-And-Stick-Adhesive-Outdoor-Indoor/143387306671?hash=item21628caaaf:m:mJOe-7Zl4rX3dXwg8s2bEbQ&var=442311481915,12x12'' Carpet Tile Floor Mat Squares Peel And Stick Adhesive Outdoor Indoor ,$26.88,Free,Brand: Unbranded,Color: Gray,N/A
https://www.ebay.com/itm/Kids-Play-Mat-Roads-Track-POLICEMAN-Childrens-Floor-New-Activity-Map-100-x-150cm/273879419962?hash=item3fc47c4c3a:g:Jt4AAOSwPuVdlmp0,Kids Play Mat Roads Track POLICEMAN Childrens Floor New Activity Map 100 x 150cm,$30.79,$104.72,Material: Nylon,N/A,N/A
https://www.ebay.com/itm/Kids-Play-Mat-ABC-ANIMALS-94cm-x-133cm-Baby-Rugs-Playmat-Activity-Floor-Mat-New/283508947101?hash=item420273389d:g:ergAAOSw7wZdlmqB,Kids Play Mat ABC ANIMALS 94cm x 133cm Baby Rugs Playmat Activity Floor Mat New ,$30.79,$98.83,Material: Nylon,N/A,N/A
https://www.ebay.com/itm/12x12-Carpet-Tile-Floor-Mat-Squares-Peel-And-Stick-Adhesive-Outdoor-Indoor-DIY/142660283583?hash=item2137372cbf:m:mtRFTL8ZM34onFMgd_ytziQ&var=441642456723,12x12'' Carpet Tile Floor Mat Squares Peel And Stick Adhesive Outdoor Indoor DIY,$4.98,Free,Brand: Unbranded,Color: Brown,N/A
https://www.ebay.com/p/1061491578?iid=223254681222&rt=nc,Bowron Babycare UNSHORN LAMBSKIN RUG FOR BABY COT Bedding/Sleeping BNIP,$60.49,$16.72,Material: 100% Wool,Gender: Unisex,N/A
https://www.ebay.com/p/25020150038?iid=273892498172&rt=nc,Persian Look Hallway Carpet Hall Runner Rug Mat Chiraz 68cm x 230cm 9099-12,$71.88,$82.15,N/A,N/A,N/A
https://www.ebay.com/c/3020426225,Kids Rug ABC TRAINS Red 94cm x 133cm Childrens Baby Rugs Activity Floor Mat New ,$30.79,$155.47,Material: Nylon,Gender: Boys,N/A
https://www.ebay.com/itm/Kids-Play-Mat-Pink-Hopscotch-100cm-x-150cm-Children-Playmat-Activity-Floor-New/273929576485?hash=item3fc779a025:g:NkwAAOSwzttdlmqR,Kids Play Mat Pink Hopscotch 100cm x 150cm Children Playmat Activity Floor New,$37.64,$98.83,Material: Nylon,Gender: Girls,N/A
https://www.ebay.com/itm/Barbie-The-Island-Princess-Girls-Children-Kids-Rubber-Non-slip-Floor-Rug-50x75cm/281984506279?hash=item41a79619a7:g:Pi0AAOSw9mpaEqEL,Barbie The Island Princess Girls Children Kids Rubber Non slip Floor Rug 50x75cm,$17.09,$32.19,Material: Polyester,N/A,N/A
https://www.ebay.com/p/14020422588?iid=201993016489&rt=nc,Kids Play Mat Black White Multi Skull 100cm x 150cm Day of the Dead Floor Rug,$23.97,$64.11,Material: Nylon,N/A,N/A
https://www.ebay.com/itm/Car-Play-Mat-Activity-Roads-New-Childrens-Floor-Rug-1-5x1m-Kids-FUN-CITY-Nursery/273494228279?hash=item3fad86bd37:g:rqcAAOSwGIVdlmmY,Car Play Mat Activity Roads New Childrens Floor Rug 1.5x1m Kids FUN CITY Nursery,$34.21,$90.00,Material: Nylon,Gender: Boys,N/A
https://www.ebay.com/itm/UGG-Australia-Merino-Sheepskin-Baby-Rug-Natural-Colour-Extra-Large-Size-RRP-144/302461295251?hash=item466c191a93:g:13wAAOSwqMhZyY6d,UGG Australia Merino Sheepskin Baby Rug Natural Colour Extra Large Size RRP $144,$78.08,$47.26,N/A,N/A,N/A
https://www.ebay.com/itm/Medical-sheepskin-seat-nursery-office-wheelchair-chair/123748774226?hash=item1cd0007152:m:mMjA-PoUg6mvlkaBW3mpBMQ&var=424359705303,"Medical sheepskin seat nursery office wheelchair, chair",$102.33,$16.75,Color: Yellow,N/A,N/A
https://www.ebay.com/p/3002865890?iid=273892497843&rt=nc,Persian Look Rug Italtex Rugs Chiraz Mat Floor Covering 100cm x 137cm 9099-16,$65.03,$82.15,N/A,N/A,N/A
https://www.ebay.com/p/6020419705?iid=273494257507&rt=nc,New Children's Rug Sugar Skull 100 x 150 Mat Floor Day of the Dead Hot Pink ,$34.21,$101.78,Material: Nylon,N/A,N/A
https://www.ebay.com/itm/AD-Solid-Color-Thicken-EVA-Foam-Baby-Crawling-Anti-slip-Puzzle-Play-Mat-30x30cm/223599011843?hash=item340f8a2803:m:m-Vp26JsEDrvngS12pLOTsA&var=522338800938,AD_ Solid Color Thicken EVA Foam Baby Crawling Anti-slip Puzzle Play Mat 30x30cm,$2.08,Free,Color: Blue,Material: Foam,N/A
https://www.ebay.com/itm/PLAY-MAT-FLOOR-SET-MULTI-COLOYRED-PLAY-MAT-SET-ALPHABETS-NUMBERS-AND-PLAIN-MAT/361391070258?hash=item5424961c32:m:ml6MR0i1StPUTRsILNpSEfQ&var=630741255557,PLAY MAT FLOOR SET MULTI COLOYRED PLAY MAT SET ALPHABETS NUMBERS AND PLAIN MAT.,$5.14,$18.00,Theme: Numbers & Letters,N/A,N/A
https://www.ebay.com/p/2172755388?iid=182716564726&rt=nc,City Map Children Play Mat Kids Bed Room Area Rug Educational Preschool Day Care,$42.35,Free,Gender: Boys,N/A,N/A
https://www.ebay.com/c/1034292777,LA Rug Fun Rugs FT-37 1929 Guitars Kids Area Rug,$16.12,Free,Brand: Fun Rugs,Color: Black,Material: Nylon
https://www.ebay.com/itm/NOOK-LILY-PAD-ORGANIC-COTTON-MAT-One-Carry-Buckle-Coming-Off/153451107214?hash=item23ba66138e:g:L~MAAOSwJwpakAtG,NOOK LILY PAD ORGANIC COTTON MAT (One Carry Buckle Coming Off),$49.99,$9.99,N/A,N/A,N/A
https://www.ebay.com/itm/Baby-game-pad-belly-time-pad-baby-toy-3-6-9-to-12-months-sensory-toy-game-pad/254337577435?hash=item3b37b371db:g:ICgAAOSwA~pdLJSb,"Baby game pad belly time pad baby toy 3,6,9 to 12 months sensory toy game pad",$6.99,Free,Brand: Unbranded,Color: Blue,N/A
https://www.ebay.com/itm/200-180cm-Cartoon-Baby-Play-Mat-Foldable-Xpe-Puzzle-Childrens-Mat-Baby-Climbing/264510114433?hash=item3d96080a81:m:mmeOKD8yCtlwS_f1MVqiyyg&var=564219623463,200*180cm Cartoon Baby Play Mat Foldable Xpe Puzzle Children's Mat Baby Climbing,$29.90,Free,Material: Foam,Gender: Unisex,N/A
https://www.ebay.com/itm/LaRug-FTS-077-3939-Poppy-Light-Pink-Rug-39-x-39-In/392264408478?hash=item5b54c7dd9e:g:ZQgAAOSwG8ZclTJL,LaRug FTS-077 3939 Poppy Light Pink Rug - 39 x 39 In.,$48.81,Free,Brand: Fun Rugs,Color: Pink,N/A
https://www.ebay.com/itm/Cartoon-Baby-Play-Mat-Foldable-Xpe-Puzzle-Childrens-Mat-Baby-Climbing-pad-kids/264412133564?hash=item3d9030f8bc:m:mmeOKD8yCtlwS_f1MVqiyyg&var=564052295578,Cartoon Baby Play Mat Foldable Xpe Puzzle Children's Mat Baby Climbing pad kids,$34.19,Free,Brand: Unbranded,N/A,N/A
https://www.ebay.com/itm/Children-Soft-Playground-Batman-Puzzle-Mat-Baby-Foam-Play-Floor-Pad-Black-White/173736723158?hash=item28738402d6:g:~8UAAOSwyEdb0hit,Children Soft Playground Batman Puzzle Mat Baby Foam Play Floor Pad Black&White,$39.99,Free,Brand: Unbranded,Color: White,Material: Foam
https://www.ebay.com/itm/9pcs-Gym-Eva-Foam-Mat-Puzzles-Play-Floor-Carpet-Kids-City-Road-Carpets-Children/264451840129?hash=item3d928ed881:m:mzuTHkyKNAk04Zq2Xpq5spA&var=564119382192,9pcs Gym Eva Foam Mat Puzzles Play Floor Carpet Kids City Road Carpets Children,$25.20,Free,Brand: Unbranded,Material: Foam,N/A
https://www.ebay.com/itm/Baby-Play-Mat-V-mix-Handmade-weaving-Plush-Foam-Play-Crawling-Rugs-for-Baby-T/143364622531?hash=item21613288c3:g:xKkAAOSwfbJdYoAd,Baby Play Mat V-mix Handmade weaving Plush Foam Play Crawling Rugs for Baby T...,$199.90,Free,Material: Foam,N/A,N/A
https://www.ebay.com/itm/Salmon-2-x-6-discount-runner-rugs-2-1-x-6-3-All-Over-Rose-Red-Bokhara/372751546952?hash=item56c9b93a48:g:1MIAAOSwFwFdZuS8,Salmon 2 x 6 discount runner rugs 2' 1'' x 6' 3'' All-Over Rose Red Bokhara,$132.00,Free,Brand: Handmade,Color: Red,Material: 100% Wool
https://www.ebay.com/p/10014192617?iid=283429351155&rt=nc,  P.J. Masks Foam Mega-mat Puzzel Track With ONE CAR  ***FREE SHIPPING***,$11.99,Free,Material: Foam,N/A,N/A
https://www.ebay.com/itm/OFFICIAL-DISNEY-MICKEY-MOUSE-MAT-FLOOR-NON-SLIP-BOYS-BLUE/293088417849?hash=item443d6e5839:g:HQUAAOSwUR1c2pr~,OFFICIAL DISNEY MICKEY MOUSE MAT FLOOR NON-SLIP BOYS BLUE,$12.36,$5.14,Brand: Disney,Material: Polyester,Gender: Boys
https://www.ebay.com/itm/Round-Baby-Play-Mat-Diameter-140cm-55in-Carpet-Computer-Chair-Children-Room-Rug/264446286846?hash=item3d923a1bfe:m:m17XDPRKtIzhgPD5scWiLmQ&var=564108715248,Round Baby Play Mat Diameter 140cm 55in Carpet Computer Chair Children Room Rug,$64.94,Free,Brand: Unbranded,Material: Polyester,N/A
https://www.ebay.com/p/18031898135?iid=392305912256&rt=nc,OFFICIAL TOY STORY 4 JUMBLE RUG FLOOR MAT COLOURFUL 55cm x 100cm,$19.18,$6.42,Material: Nylon,N/A,N/A
https://www.ebay.com/itm/Baby-Play-Mat-V-Mix-Handmade-Weaving-Plush-Foam-Play-Crawling-Rugs-For-Baby/193091761864?hash=item2cf52a76c8:g:EWAAAOSwbGlddWOV,"Baby Play Mat, V-Mix Handmade Weaving Plush Foam Play Crawling Rugs For Baby",$157.92,Free,Color: Yellow,Material: Foam,N/A
https://www.ebay.com/p/1401670211?iid=312772510823&rt=nc,"Bowron Babycare Shorn Luxuriously Soft Lambskin Baby Rug,  New in Package $89",$41.00,Free,Brand: Bowron,Gender: Unisex,N/A
https://www.ebay.com/itm/LARGE-36pcs-Alphabet-Numbers-EVA-Floor-Mat-Baby-Room-32-X-32cm-Each-UK/312154286023?hash=item48add867c7:g:a28AAOSwKwBbGMhu,LARGE 36pcs Alphabet Numbers EVA Floor Mat Baby Room 32 X 32cm Each UK,$21.87,$20.07,Theme: Numbers & Letters,Material: Foam,Gender: Unisex
https://www.ebay.com/p/1057143248?iid=153299902815&rt=nc,GENUINE MUFLON SHEEPSKIN BUGGY PUSHCHAIR PRAM CAR SEAT LINER MAT NATURAL TANNINS,$45.02,$20.43,Gender: Unisex,N/A,N/A
https://www.ebay.com/p/1057143248?iid=153299902815&rt=nc,GENUINE MUFLON SHEEPSKIN BUGGY PUSHCHAIR PRAM CAR SEAT LINER MAT NATURAL TANNINS,$45.02,$20.43,Gender: Unisex,N/A,N/A
https://www.ebay.com/p/1057143248?iid=153299902815&rt=nc,GENUINE MUFLON SHEEPSKIN BUGGY PUSHCHAIR PRAM CAR SEAT LINER MAT NATURAL TANNINS,$45.02,$20.43,Gender: Unisex,N/A,N/A
https://www.ebay.com/p/1057143248?iid=153299902815&rt=nc,GENUINE MUFLON SHEEPSKIN BUGGY PUSHCHAIR PRAM CAR SEAT LINER MAT NATURAL TANNINS,$45.02,$20.43,Gender: Unisex,N/A,N/A
https://www.ebay.com/p/1057143248?iid=153299902815&rt=nc,GENUINE MUFLON SHEEPSKIN BUGGY PUSHCHAIR PRAM CAR SEAT LINER MAT NATURAL TANNINS,$45.02,$20.43,Gender: Unisex,N/A,N/A
https://www.ebay.com/p/1057143248?iid=153299902815&rt=nc,GENUINE MUFLON SHEEPSKIN BUGGY PUSHCHAIR PRAM CAR SEAT LINER MAT NATURAL TANNINS,$45.02,$20.43,Gender: Unisex,N/A,N/A
https://www.ebay.com/p/1057143248?iid=153299902815&rt=nc,GENUINE MUFLON SHEEPSKIN BUGGY PUSHCHAIR PRAM CAR SEAT LINER MAT NATURAL TANNINS,$45.02,$20.43,Gender: Unisex,N/A,N/A
https://www.ebay.com/p/1057143248?iid=153299902815&rt=nc,GENUINE MUFLON SHEEPSKIN BUGGY PUSHCHAIR PRAM CAR SEAT LINER MAT NATURAL TANNINS,$45.02,$20.43,Gender: Unisex,N/A,N/A
https://www.ebay.com/p/1057143248?iid=153299902815&rt=nc,GENUINE MUFLON SHEEPSKIN BUGGY PUSHCHAIR PRAM CAR SEAT LINER MAT NATURAL TANNINS,$45.02,$20.43,Gender: Unisex,N/A,N/A
https://www.ebay.com/p/1057143248?iid=153299902815&rt=nc,GENUINE MUFLON SHEEPSKIN BUGGY PUSHCHAIR PRAM CAR SEAT LINER MAT NATURAL TANNINS,$45.02,$20.43,Gender: Unisex,N/A,N/A
https://www.ebay.com/p/1057143248?iid=153299902815&rt=nc,GENUINE MUFLON SHEEPSKIN BUGGY PUSHCHAIR PRAM CAR SEAT LINER MAT NATURAL TANNINS,$45.02,$20.43,Gender: Unisex,N/A,N/A
https://www.ebay.com/p/1057143248?iid=153299902815&rt=nc,GENUINE MUFLON SHEEPSKIN BUGGY PUSHCHAIR PRAM CAR SEAT LINER MAT NATURAL TANNINS,$45.02,$20.43,Gender: Unisex,N/A,N/A
https://www.ebay.com/p/1057143248?iid=153299902815&rt=nc,GENUINE MUFLON SHEEPSKIN BUGGY PUSHCHAIR PRAM CAR SEAT LINER MAT NATURAL TANNINS,$45.02,$20.43,Gender: Unisex,N/A,N/A
https://www.ebay.com/p/1057143248?iid=153299902815&rt=nc,GENUINE MUFLON SHEEPSKIN BUGGY PUSHCHAIR PRAM CAR SEAT LINER MAT NATURAL TANNINS,$45.02,$20.43,Gender: Unisex,N/A,N/A
https://www.ebay.com/p/1057143248?iid=153299902815&rt=nc,GENUINE MUFLON SHEEPSKIN BUGGY PUSHCHAIR PRAM CAR SEAT LINER MAT NATURAL TANNINS,$45.02,$20.43,Gender: Unisex,N/A,N/A
https://www.ebay.com/p/1057143248?iid=153299902815&rt=nc,GENUINE MUFLON SHEEPSKIN BUGGY PUSHCHAIR PRAM CAR SEAT LINER MAT NATURAL TANNINS,$45.02,$20.43,Gender: Unisex,N/A,N/A
https://www.ebay.com/p/1057143248?iid=153299902815&rt=nc,GENUINE MUFLON SHEEPSKIN BUGGY PUSHCHAIR PRAM CAR SEAT LINER MAT NATURAL TANNINS,$45.02,$20.43,Gender: Unisex,N/A,N/A
https://www.ebay.com/p/1057143248?iid=153299902815&rt=nc,GENUINE MUFLON SHEEPSKIN BUGGY PUSHCHAIR PRAM CAR SEAT LINER MAT NATURAL TANNINS,$45.02,$20.43,Gender: Unisex,N/A,N/A
https://www.ebay.com/p/1057143248?iid=153299902815&rt=nc,GENUINE MUFLON SHEEPSKIN BUGGY PUSHCHAIR PRAM CAR SEAT LINER MAT NATURAL TANNINS,$45.02,$20.43,Gender: Unisex,N/A,N/A
https://www.ebay.com/p/1057143248?iid=153299902815&rt=nc,GENUINE MUFLON SHEEPSKIN BUGGY PUSHCHAIR PRAM CAR SEAT LINER MAT NATURAL TANNINS,$45.02,$20.43,Gender: Unisex,N/A,N/A
https://www.ebay.com/p/1057143248?iid=153299902815&rt=nc,GENUINE MUFLON SHEEPSKIN BUGGY PUSHCHAIR PRAM CAR SEAT LINER MAT NATURAL TANNINS,$45.02,$20.43,Gender: Unisex,N/A,N/A
https://www.ebay.com/p/1057143248?iid=153299902815&rt=nc,GENUINE MUFLON SHEEPSKIN BUGGY PUSHCHAIR PRAM CAR SEAT LINER MAT NATURAL TANNINS,$45.02,$20.43,Gender: Unisex,N/A,N/A
https://www.ebay.com/p/1057143248?iid=153299902815&rt=nc,GENUINE MUFLON SHEEPSKIN BUGGY PUSHCHAIR PRAM CAR SEAT LINER MAT NATURAL TANNINS,$45.02,$20.43,Gender: Unisex,N/A,N/A
https://www.ebay.com/p/1057143248?iid=153299902815&rt=nc,GENUINE MUFLON SHEEPSKIN BUGGY PUSHCHAIR PRAM CAR SEAT LINER MAT NATURAL TANNINS,$45.02,$20.43,Gender: Unisex,N/A,N/A
https://www.ebay.com/p/1057143248?iid=153299902815&rt=nc,GENUINE MUFLON SHEEPSKIN BUGGY PUSHCHAIR PRAM CAR SEAT LINER MAT NATURAL TANNINS,$45.02,$20.43,Gender: Unisex,N/A,N/A
https://www.ebay.com/p/1057143248?iid=153299902815&rt=nc,GENUINE MUFLON SHEEPSKIN BUGGY PUSHCHAIR PRAM CAR SEAT LINER MAT NATURAL TANNINS,$45.02,$20.43,Gender: Unisex,N/A,N/A
https://www.ebay.com/p/1057143248?iid=153299902815&rt=nc,GENUINE MUFLON SHEEPSKIN BUGGY PUSHCHAIR PRAM CAR SEAT LINER MAT NATURAL TANNINS,$45.02,$20.43,Gender: Unisex,N/A,N/A
https://www.ebay.com/p/1057143248?iid=153299902815&rt=nc,GENUINE MUFLON SHEEPSKIN BUGGY PUSHCHAIR PRAM CAR SEAT LINER MAT NATURAL TANNINS,$45.02,$20.43,Gender: Unisex,N/A,N/A
https://www.ebay.com/p/1057143248?iid=153299902815&rt=nc,GENUINE MUFLON SHEEPSKIN BUGGY PUSHCHAIR PRAM CAR SEAT LINER MAT NATURAL TANNINS,$45.02,$20.43,Gender: Unisex,N/A,N/A
https://www.ebay.com/p/1057143248?iid=153299902815&rt=nc,GENUINE MUFLON SHEEPSKIN BUGGY PUSHCHAIR PRAM CAR SEAT LINER MAT NATURAL TANNINS,$45.02,$20.43,Gender: Unisex,N/A,N/A
https://www.ebay.com/p/1057143248?iid=153299902815&rt=nc,GENUINE MUFLON SHEEPSKIN BUGGY PUSHCHAIR PRAM CAR SEAT LINER MAT NATURAL TANNINS,$45.02,$20.43,Gender: Unisex,N/A,N/A
https://www.ebay.com/p/1057143248?iid=153299902815&rt=nc,GENUINE MUFLON SHEEPSKIN BUGGY PUSHCHAIR PRAM CAR SEAT LINER MAT NATURAL TANNINS,$45.02,$20.43,Gender: Unisex,N/A,N/A
https://www.ebay.com/p/1057143248?iid=153299902815&rt=nc,GENUINE MUFLON SHEEPSKIN BUGGY PUSHCHAIR PRAM CAR SEAT LINER MAT NATURAL TANNINS,$45.02,$20.43,Gender: Unisex,N/A,N/A
https://www.ebay.com/p/1057143248?iid=153299902815&rt=nc,GENUINE MUFLON SHEEPSKIN BUGGY PUSHCHAIR PRAM CAR SEAT LINER MAT NATURAL TANNINS,$45.02,$20.43,Gender: Unisex,N/A,N/A
https://www.ebay.com/p/1057143248?iid=153299902815&rt=nc,GENUINE MUFLON SHEEPSKIN BUGGY PUSHCHAIR PRAM CAR SEAT LINER MAT NATURAL TANNINS,$45.02,$20.43,Gender: Unisex,N/A,N/A
https://www.ebay.com/p/1057143248?iid=153299902815&rt=nc,GENUINE MUFLON SHEEPSKIN BUGGY PUSHCHAIR PRAM CAR SEAT LINER MAT NATURAL TANNINS,$45.02,$20.43,Gender: Unisex,N/A,N/A
https://www.ebay.com/p/1057143248?iid=153299902815&rt=nc,GENUINE MUFLON SHEEPSKIN BUGGY PUSHCHAIR PRAM CAR SEAT LINER MAT NATURAL TANNINS,$45.02,$20.43,Gender: Unisex,N/A,N/A
https://www.ebay.com/p/1057143248?iid=153299902815&rt=nc,GENUINE MUFLON SHEEPSKIN BUGGY PUSHCHAIR PRAM CAR SEAT LINER MAT NATURAL TANNINS,$45.02,$20.43,Gender: Unisex,N/A,N/A
https://www.ebay.com/p/1057143248?iid=153299902815&rt=nc,GENUINE MUFLON SHEEPSKIN BUGGY PUSHCHAIR PRAM CAR SEAT LINER MAT NATURAL TANNINS,$45.02,$20.43,Gender: Unisex,N/A,N/A
https://www.ebay.com/p/1057143248?iid=153299902815&rt=nc,GENUINE MUFLON SHEEPSKIN BUGGY PUSHCHAIR PRAM CAR SEAT LINER MAT NATURAL TANNINS,$45.02,$20.43,Gender: Unisex,N/A,N/A
https://www.ebay.com/p/1057143248?iid=153299902815&rt=nc,GENUINE MUFLON SHEEPSKIN BUGGY PUSHCHAIR PRAM CAR SEAT LINER MAT NATURAL TANNINS,$45.02,$20.43,Gender: Unisex,N/A,N/A
https://www.ebay.com/p/1057143248?iid=153299902815&rt=nc,GENUINE MUFLON SHEEPSKIN BUGGY PUSHCHAIR PRAM CAR SEAT LINER MAT NATURAL TANNINS,$45.02,$20.43,Gender: Unisex,N/A,N/A
https://www.ebay.com/p/1057143248?iid=153299902815&rt=nc,GENUINE MUFLON SHEEPSKIN BUGGY PUSHCHAIR PRAM CAR SEAT LINER MAT NATURAL TANNINS,$45.02,$20.43,Gender: Unisex,N/A,N/A
https://www.ebay.com/p/1057143248?iid=153299902815&rt=nc,GENUINE MUFLON SHEEPSKIN BUGGY PUSHCHAIR PRAM CAR SEAT LINER MAT NATURAL TANNINS,$45.02,$20.43,Gender: Unisex,N/A,N/A
https://www.ebay.com/p/1057143248?iid=153299902815&rt=nc,GENUINE MUFLON SHEEPSKIN BUGGY PUSHCHAIR PRAM CAR SEAT LINER MAT NATURAL TANNINS,$45.02,$20.43,Gender: Unisex,N/A,N/A
https://www.ebay.com/p/1057143248?iid=153299902815&rt=nc,GENUINE MUFLON SHEEPSKIN BUGGY PUSHCHAIR PRAM CAR SEAT LINER MAT NATURAL TANNINS,$45.02,$20.43,Gender: Unisex,N/A,N/A
https://www.ebay.com/p/1057143248?iid=153299902815&rt=nc,GENUINE MUFLON SHEEPSKIN BUGGY PUSHCHAIR PRAM CAR SEAT LINER MAT NATURAL TANNINS,$45.02,$20.43,Gender: Unisex,N/A,N/A
https://www.ebay.com/p/1057143248?iid=153299902815&rt=nc,GENUINE MUFLON SHEEPSKIN BUGGY PUSHCHAIR PRAM CAR SEAT LINER MAT NATURAL TANNINS,$45.02,$20.43,Gender: Unisex,N/A,N/A
